ID,Name,Tags,Services,Availability,Description,Alternates,Keywords,Warnings
T2M,Temperature at 2 Meters,"official,nrt,meteorology","api,dav,gis,aws","hourly,daily,monthly,annual,climatology",The average air (dry bulb) temperature at 2 meters above the surface of the earth.,"Dry Bulb Temperature at 2 Meters,Near-Surface Air Temperature,Ambient Temperature,Outdoor Air Temperature,Screen-Level Temperature","Dry Bulb Temperature at 2 Meters,Near-Surface Air Temperature,Ambient Temperature,Outdoor Air Temperature,Screen-Level Temperature,Surface Temperature,Temperatures,Temperature/Thermal IR Flux",
ALLSKY_SFC_SW_DWN,All Sky Surface Shortwave Downward Irradiance,"official,nrt,radiation","api,dav,gis,aws","hourly,daily,monthly,annual,climatology","The total solar irradiance incident (direct plus diffuse) on a horizontal plane at the surface of the earth under all sky conditions. An alternative term for the total solar irradiance is the ""Global Horizontal Irradiance"" or GHI.","Global Horizontal Irradiance (GHI),Insolation,Incoming Solar Radiation,Global Solar Radiation,Total Horizontal Solar Radiation,Hemispherical Solar Irradiance,Total Surface Solar Radiation","Global Horizontal Irradiance (GHI),Insolation,Incoming Solar Radiation,Global Solar Radiation,Total Horizontal Solar Radiation,Hemispherical Solar Irradiance,Total Surface Solar Radiation,Solar,Parameters for Solar Cooking,Parameters for Tilted PV Panels,Solar Fluxes and Related",
RH2M,Relative Humidity at 2 Meters,"official,nrt,meteorology","api,dav,gis,aws","hourly,daily,monthly,annual,climatology","The ratio of vapor pressure to the saturation vapor pressure with respect to a plane surface of pure water, expressed in percent.","Near-Surface Relative Humidity,Ambient Relative Humidity,Screen-Level Relative Humidity,Outdoor Relative Humidity","Near-Surface Relative Humidity,Ambient Relative Humidity,Screen-Level Relative Humidity,Outdoor Relative Humidity,Humidity/Precipitation",
WS2M,Wind Speed at 2 Meters,"official,nrt,meteorology,warning","api,dav,gis,aws","hourly,daily,monthly,annual,climatology",The average of wind speed at 2 meters above the surface of the earth.,"Near-Surface Wind Speed,Wind Speed at 2m","Near-Surface Wind Speed,Wind Speed at 2m,Parameters for Solar Cooking,Wind/Pressure","Wind speed is provided from an average of a large area and may not represent a point location due to surface properties, elevation changes, and local weather phenomena."
T2MDEW,Dew/Frost Point at 2 Meters,"official,nrt,meteorology","api,dav,gis,aws","hourly,daily,monthly,annual,climatology",The dew/frost point temperature at 2 meters above the surface of the earth.,"Dewpoint Temperature,Dew Point Temperature at 2 Meters,Near-Surface Dewpoint","Dewpoint Temperature,Dew Point Temperature at 2 Meters,Near-Surface Dewpoint,Temperatures,Temperature/Thermal IR Flux",
T2M_MAX,Temperature at 2 Meters Maximum,"official,nrt,meteorology","api,dav,aws","daily,monthly,annual,climatology",The maximum hourly air (dry bulb) temperature at 2 meters above the surface of the earth in the period of interest.,"Maximum Dry Bulb Temperature at 2 Meters,Maximum Ambient Temperature,Daily Maximum Temperature,High Temperature,Peak Air Temperature","Maximum Dry Bulb Temperature at 2 Meters,Maximum Ambient Temperature,Daily Maximum Temperature,High Temperature,Peak Air Temperature,Temperatures,Temperature/Thermal IR Flux",
T2M_MIN,Temperature at 2 Meters Minimum,"official,nrt,meteorology","api,dav,aws","daily,monthly,annual,climatology",The minimum hourly air (dry bulb) temperature at 2 meters above the surface of the earth in the period of interest.,"Minimum Dry Bulb Temperature at 2 Meters,Minimum Ambient Temperature,Daily Minimum Temperature,Low Temperature","Minimum Dry Bulb Temperature at 2 Meters,Minimum Ambient Temperature,Daily Minimum Temperature,Low Temperature,Temperatures,Temperature/Thermal IR Flux",
PS,Surface Pressure,"official,nrt,meteorology","api,dav,gis,aws","hourly,daily,monthly,annual,climatology",The atmospheric pressure at the surface of the earth.,"Station Pressure,Atmospheric Pressure at Surface,Barometric Pressure,Surface Barometric Pressure","Station Pressure,Atmospheric Pressure at Surface,Barometric Pressure,Surface Barometric Pressure,Wind/Pressure",
T2MWET,Wet Bulb Temperature at 2 Meters,"official,nrt,meteorology","api,dav,gis,aws","hourly,daily,monthly,annual,climatology",The adiabatic saturation temperature which can be measured by a thermometer covered in a water-soaked cloth over which air is passed at 2 meters above the surface of the earth.,"Wet Bulb Temperature,Adiabatic Saturation Temperature","Wet Bulb Temperature,Adiabatic Saturation Temperature,Temperatures,Temperature/Thermal IR Flux",
WS50M,Wind Speed at 50 Meters,"official,nrt,meteorology,warning","api,dav,gis,aws","hourly,daily,monthly,annual,climatology",The average of wind speed at 50 meters above the surface of the earth.,"Hub-Height Wind Speed,50-Meter Wind Speed,Wind Turbine Level Wind Speed","Hub-Height Wind Speed,50-Meter Wind Speed,Wind Turbine Level Wind Speed,Wind/Pressure","Wind speed is provided from an average of a large area and may not represent a point location due to surface properties, elevation changes, and local weather phenomena."
ALLSKY_SFC_LW_DWN,All Sky Surface Longwave Downward Irradiance,"official,nrt,radiation","api,dav,gis,aws","hourly,daily,monthly,annual,climatology",The downward thermal infrared irradiance under all sky conditions reaching a horizontal plane at the surface of the earth. Also known as Horizontal Infrared Radiation Intensity from the Sky.,"Downwelling Longwave Radiation (DLR),Thermal Infrared Downwelling,Downward Terrestrial Radiation","Downwelling Longwave Radiation (DLR),Thermal Infrared Downwelling,Downward Terrestrial Radiation,Solar Fluxes and Related,Temperature/Thermal IR Flux",
WD50M,Wind Direction at 50 Meters,"official,nrt,meteorology,warning","api,dav,gis,aws","hourly,daily,monthly,annual,climatology",The average of the wind direction at 50 meters above the surface of the earth.,"Hub-Height Wind Direction,50-Meter Wind Direction,Upper-Level Wind Direction","Hub-Height Wind Direction,50-Meter Wind Direction,Upper-Level Wind Direction,Wind/Pressure","Wind direction is provided from an average of a large area and may not represent a point location due to surface properties, elevation changes, and local weather phenomena."
WD2M,Wind Direction at 2 Meters,"official,nrt,meteorology,warning","api,dav,gis,aws","hourly,daily,monthly,annual,climatology",The average of the wind direction at 2 meters above the surface of the earth.,"Wind Direction at 2m,Near-Surface Wind Direction,Low-Level Wind Bearing","Wind Direction at 2m,Near-Surface Wind Direction,Low-Level Wind Bearing,Wind/Pressure","Wind direction is provided from an average of a large area and may not represent a point location due to surface properties, elevation changes, and local weather phenomena."
ALLSKY_SFC_SW_DIFF,All Sky Surface Shortwave Diffuse Irradiance,"official,radiation","api,dav,gis,aws","hourly,daily,monthly,annual,climatology",The diffuse (scattered from original direct path by molecules or particles) solar irradiance incident on a horizontal plane at the surface of the earth under all sky conditions.,"Diffuse Horizontal Irradiance (DHI),Diffuse Sky Radiation,Diffuse Solar Radiation,Scattered Solar Radiation","Diffuse Horizontal Irradiance (DHI),Diffuse Sky Radiation,Diffuse Solar Radiation,Scattered Solar Radiation,Solar,Parameters for Tilted PV Panels,Solar Fluxes and Related",
ALLSKY_SFC_SW_DNI,All Sky Surface Shortwave Downward Direct Normal Irradiance,"official,radiation","api,dav,gis,aws","hourly,daily,monthly,annual,climatology",The direct solar irradiance incident to a horizontal plane normal (perpendicular) to the direction of the sun's position under all sky conditions.,"Direct Normal Irradiance (DNI),Beam Radiation,Beam Normal Irradiance,Direct Beam Irradiance,Pyrheliometer Irradiance,Direct Solar Radiation","Direct Normal Irradiance (DNI),Beam Radiation,Beam Normal Irradiance,Direct Beam Irradiance,Pyrheliometer Irradiance,Direct Solar Radiation,Solar,Parameters for Tilted PV Panels,Solar Fluxes and Related",
ALLSKY_SRF_ALB,All Sky Surface Albedo,"official,radiation","api,dav,gis,aws","hourly,daily,monthly,annual,climatology",The all sky rate of reflectivity of the earth's surface; the ratio of the solar energy reflected by the surface of the earth compared to the total solar energy incident reaching the surface of the earth.,"Surface Reflectance,Broadband Albedo,Shortwave Albedo","Surface Reflectance,Broadband Albedo,Shortwave Albedo,Parameters for Tilted PV Panels,Solar Fluxes and Related",
CLOUD_AMT,Cloud Amount,"official,radiation","api,dav,gis,aws","hourly,daily,monthly,annual,climatology",The average percent of cloud amount during the temporal period.,"Cloud Cover,Cloud Fraction,Total Cloud Cover,Sky Cover,Cloudiness","Cloud Cover,Cloud Fraction,Total Cloud Cover,Sky Cover,Cloudiness,Solar Fluxes and Related,Diurnal Cloud Amounts",
PRECTOTCORR,Precipitation Corrected,"official,nrt,meteorology","api,dav,aws","hourly,daily,monthly,annual,climatology",The average MERRA-2 bias corrected total precipitation at the surface of the earth.,"Bias-Corrected Precipitation,Adjusted Total Precipitation,Gauge-Corrected Precipitation,Corrected Rainfall","Bias-Corrected Precipitation,Adjusted Total Precipitation,Gauge-Corrected Precipitation,Corrected Rainfall,Humidity/Precipitation",
TOA_SW_DWN,Top-Of-Atmosphere Shortwave Downward Irradiance,"official,nrt,radiation","api,dav,gis,aws","hourly,daily,monthly,annual,climatology",The total solar irradiance incident (direct plus diffuse) on a horizontal plane at the top of the atmosphere (extraterrestrial radiation).,"Total Solar Irradiance (TSI),Incoming Solar Insulation,Extraterrestrial Irradiance,Solar Constant (historical),Top-of-Atmosphere Insolation,Extraterrestrial Horizontal Radiation","Total Solar Irradiance (TSI),Incoming Solar Insulation,Extraterrestrial Irradiance,Solar Constant (historical),Top-of-Atmosphere Insolation,Extraterrestrial Horizontal Radiation,Solar Fluxes and Related",
WS10M,Wind Speed at 10 Meters,"official,nrt,meteorology,warning","api,dav,aws","hourly,daily,monthly,annual,climatology",The average of wind speed at 10 meters above the surface of the earth.,"Standard Anemometer Wind Speed,10-Meter Wind Speed,Surface Wind Speed,WMO Standard Wind Speed","Standard Anemometer Wind Speed,10-Meter Wind Speed,Surface Wind Speed,WMO Standard Wind Speed,Wind/Pressure","Wind speed is provided from an average of a large area and may not represent a point location due to surface properties, elevation changes, and local weather phenomena."
GWETPROF,Profile Soil Moisture,"official,nrt,meteorology","api,dav,aws","hourly,daily,monthly,annual,climatology",The amount of water and water vapor present in the soil. Profile indicates the layer from the surface down to the bedrock. Values range from 0 for completely dry conditions to 1 for completely saturated soil.,"Full Column Soil Wetness,Soil Column Saturation Fraction,Soil Profile Wetness Index,Total Column Soil Moisture Fraction","Full Column Soil Wetness,Soil Column Saturation Fraction,Soil Profile Wetness Index,Total Column Soil Moisture Fraction,Soil Properties",
TS,Earth Skin Temperature,"official,nrt,meteorology","api,dav,gis,aws","hourly,daily,monthly,annual,climatology",The average temperature at the earth's surface.,"Land Surface Temperature,Skin Temperature,Radiometric Surface Temperature,Surface Radiative Temperature","Land Surface Temperature,Skin Temperature,Radiometric Surface Temperature,Surface Radiative Temperature,Temperatures,Temperature/Thermal IR Flux",
WD10M,Wind Direction at 10 Meters,"official,nrt,meteorology,warning","api,dav,aws","hourly,daily,monthly,annual,climatology",The average of the wind direction at 10 meters above the surface of the earth.,"Surface Wind Direction,Standard Anemometer Wind Direction,10-Meter Wind Direction,Wind Bearing at 10m","Surface Wind Direction,Standard Anemometer Wind Direction,10-Meter Wind Direction,Wind Bearing at 10m,Wind/Pressure","Wind direction is provided from an average of a large area and may not represent a point location due to surface properties, elevation changes, and local weather phenomena."
ALLSKY_SFC_PAR_TOT,All Sky Surface Total PAR,"official,radiation","api,dav,gis,aws","hourly,daily,monthly,annual,climatology",The total (direct plus diffuse) Photosynthetically Active Radiation (PAR) incident on a horizontal plane at the surface of the earth under all sky conditions.,"Photosynthetically Active Radiation (PAR),Global PAR,Total Visible Radiation (400-700 nm),Photosynthetic Irradiance","Photosynthetically Active Radiation (PAR),Global PAR,Total Visible Radiation (400-700 nm),Photosynthetic Irradiance,Solar,Solar Fluxes and Related",
QV2M,Specific Humidity at 2 Meters,"official,nrt,meteorology","api,dav,gis,aws","hourly,daily,monthly,annual,climatology",The ratio of the mass of water vapor to the total mass of air at 2 meters.,"Specific Humidity at 2m,Near-Surface Specific Humidity,Mixing Ratio at 2 Meters,Water Vapor Mass Fraction at 2m","Specific Humidity at 2m,Near-Surface Specific Humidity,Mixing Ratio at 2 Meters,Water Vapor Mass Fraction at 2m,Humidity/Precipitation",
T2M_RANGE,Temperature at 2 Meters Range,"official,nrt,meteorology","api,dav,aws","daily,monthly,annual,climatology",The difference between the minimum and maximum hourly air (dry bulb) temperature at 2 meters above the surface of the earth in the period of interest.,"Dry Bulb Temperature Range at 2 Meters,Diurnal Temperature Range,Temperature Amplitude","Dry Bulb Temperature Range at 2 Meters,Diurnal Temperature Range,Temperature Amplitude,Temperatures,Temperature/Thermal IR Flux",
ALLSKY_KT,All Sky Insolation Clearness Index,"official,radiation","api,dav,gis,aws","hourly,daily,monthly,annual,climatology",A fraction representing clearness of the atmosphere; the all sky insolation that is transmitted through the atmosphere to strike the surface of the earth divided by the average of top of the atmosphere total solar irradiance incident.,Clearness Index (Kt),"Clearness Index (Kt),Parameters for Tilted PV Panels,Solar Fluxes and Related",
CLRSKY_SFC_SW_DWN,Clear Sky Surface Shortwave Downward Irradiance,"official,nrt,radiation","api,dav,gis,aws","hourly,daily,monthly,annual,climatology","The total solar irradiance incident (direct plus diffuse) on a horizontal plane at the surface of the earth under clear sky conditions. An alternative term for the total solar irradiance is the ""Global Horizontal Irradiance"" or GHI.","Global Horizontal Irradiance (GHI),Insolation,Incoming Solar Radiation,Clear Sky Global Solar Radiation,Potential Solar Radiation,Clear Sky Total Horizontal Solar Radiation","Global Horizontal Irradiance (GHI),Insolation,Incoming Solar Radiation,Clear Sky Global Solar Radiation,Potential Solar Radiation,Clear Sky Total Horizontal Solar Radiation,Solar,Parameters for Solar Cooking,Parameters for Tilted PV Panels,Solar Fluxes and Related",
GWETROOT,Root Zone Soil Wetness,"official,nrt,meteorology","api,dav,aws","hourly,daily,monthly,annual,climatology","The amount of water and water vapor available to plants in the root zone, generally considered to be the upper 1 m of soil, expressed as the proportion of water present in a given amount of soil. Values range from 0 for completely dry conditions to 1 for completely saturated soil.","Root Zone Soil Saturation Fraction,Root Zone Wetness Index,Plant-Available Water Fraction,Root Layer Soil Wetness","Root Zone Soil Saturation Fraction,Root Zone Wetness Index,Plant-Available Water Fraction,Root Layer Soil Wetness,Soil Properties",
GWETTOP,Surface Soil Wetness,"official,nrt,meteorology","api,dav,gis,aws","hourly,daily,monthly,annual,climatology",The amount of water and water vapor present in the soil. Top indicates the upper 5 cm of soil. Values range from 0 for completely dry conditions to 1 for completely saturated soil.,"Top Layer Soil Wetness,Surface Soil Saturation Fraction,Near-Surface Soil Wetness Index,Topsoil Moisture Fraction","Top Layer Soil Wetness,Surface Soil Saturation Fraction,Near-Surface Soil Wetness Index,Topsoil Moisture Fraction,Soil Properties",
WS10M_MAX,Wind Speed at 10 Meters Maximum,"official,nrt,meteorology,warning","api,dav,aws","daily,monthly,annual,climatology",The maximum hourly wind speed at 10 meters above the surface of the earth in the period of interest.,"Maximum Wind Speed at 10 Meters,Peak Wind at 10m,Daily Maximum Surface Wind Speed","Maximum Wind Speed at 10 Meters,Peak Wind at 10m,Daily Maximum Surface Wind Speed,Wind/Pressure","Wind speed is provided from an average of a large area and may not represent a point location due to surface properties, elevation changes, and local weather phenomena."
WS10M_MIN,Wind Speed at 10 Meters Minimum,"official,nrt,meteorology,warning","api,dav,aws","daily,monthly,annual,climatology",The minimum hourly wind speed at 10 meters above the surface of the earth in the period of interest.,"Minimum Wind Speed at 10 Meters,Daily Minimum Surface Wind Speed,Calm Wind at 10m","Minimum Wind Speed at 10 Meters,Daily Minimum Surface Wind Speed,Calm Wind at 10m,Wind/Pressure","Wind speed is provided from an average of a large area and may not represent a point location due to surface properties, elevation changes, and local weather phenomena."
WS10M_RANGE,Wind Speed at 10 Meters Range,"official,nrt,meteorology,warning","api,dav,aws","daily,monthly,annual,climatology",The minimum and maximum hourly wind speed range at 10 meters above the surface of the earth.,"Wind Speed Range at 10 Meters,Diurnal Wind Speed Range at 10m","Wind Speed Range at 10 Meters,Diurnal Wind Speed Range at 10m,Wind/Pressure","Wind speed is provided from an average of a large area and may not represent a point location due to surface properties, elevation changes, and local weather phenomena."
WS50M_MAX,Wind Speed at 50 Meters Maximum,"official,nrt,meteorology,warning","api,dav,aws","daily,monthly,annual,climatology",The maximum hourly wind speed at 50 meters above the surface of the earth in the period of interest.,"Maximum Wind Speed at 50 Meters,Peak Hub-Height Wind Speed,Daily Maximum Wind at 50m","Maximum Wind Speed at 50 Meters,Peak Hub-Height Wind Speed,Daily Maximum Wind at 50m,Wind/Pressure","Wind speed is provided from an average of a large area and may not represent a point location due to surface properties, elevation changes, and local weather phenomena."
WS50M_MIN,Wind Speed at 50 Meters Minimum,"official,nrt,meteorology,warning","api,dav,aws","daily,monthly,annual,climatology",The minimum hourly wind speed at 50 meters above the surface of the earth in the period of interest.,"Minimum Wind Speed at 50 Meters,Daily Minimum Hub-Height Wind,Calm Wind at 50m","Minimum Wind Speed at 50 Meters,Daily Minimum Hub-Height Wind,Calm Wind at 50m,Wind/Pressure","Wind speed is provided from an average of a large area and may not represent a point location due to surface properties, elevation changes, and local weather phenomena."
WS50M_RANGE,Wind Speed at 50 Meters Range,"official,nrt,meteorology,warning","api,dav,aws","daily,monthly,annual,climatology",The minimum and maximum hourly wind speed range at 50 meters above the surface of the earth.,"Wind Speed Range at 50 Meters,Hub-Height Wind Speed Range","Wind Speed Range at 50 Meters,Hub-Height Wind Speed Range,Wind/Pressure","Wind speed is provided from an average of a large area and may not represent a point location due to surface properties, elevation changes, and local weather phenomena."
ALLSKY_SFC_UVA,All Sky Surface UVA Irradiance,"official,radiation","api,dav,gis,aws","hourly,daily,monthly,annual,climatology",The ultraviolet A (UVA 315nm-400nm) irradiance under all sky conditions.,"Ultraviolet-A Irradiance (315-400 nm),UV-A Radiation,Near-Ultraviolet Irradiance,Long-Wave UV Radiation","Ultraviolet-A Irradiance (315-400 nm),UV-A Radiation,Near-Ultraviolet Irradiance,Long-Wave UV Radiation,Solar,Solar Fluxes and Related",
ALLSKY_SFC_UVB,All Sky Surface UVB Irradiance,"official,radiation","api,dav,gis,aws","hourly,daily,monthly,annual,climatology",The ultraviolet B (UVB 280nm-315nm) irradiance under all sky conditions.,"Ultraviolet-B Irradiance (280-315 nm),UV-B Radiation,Middle-Ultraviolet Irradiance","Ultraviolet-B Irradiance (280-315 nm),UV-B Radiation,Middle-Ultraviolet Irradiance,Solar,Solar Fluxes and Related",
ALLSKY_SFC_UV_INDEX,All Sky Surface UV Index,"official,radiation","api,dav,gis,aws","hourly,daily,monthly,annual,climatology",The ultraviolet radiation exposure index.,"UV Index (UVI),Global Solar UV Index","UV Index (UVI),Global Solar UV Index,Solar,Solar Fluxes and Related",
CDD0,Cooling Degree Days Above 0 C,"official,nrt,radiation","api,dav,aws","daily,monthly,annual,climatology",The daily accumulation of degrees above a 0-degree-Celsius threshold when the daily mean temperature is above the threshold.,"CDD Base 0 C,Cooling Degree Days Base 0,Cooling Demand Index 0 C","CDD Base 0 C,Cooling Degree Days Base 0,Cooling Demand Index 0 C,DOE/ASHRAE Climate Building",
CDD18_3,Cooling Degree Days Above 18.3 C,"official,nrt,radiation","api,dav,gis,aws","daily,monthly,annual,climatology",The daily accumulation of degrees above an 18.3-degree-Celsius threshold when the daily mean temperature is above the threshold.,"CDD Base 18.3 C,Cooling Degree Days Base 65 F,ASHRAE Cooling Degree Days,Standard Cooling Degree Days","CDD Base 18.3 C,Cooling Degree Days Base 65 F,ASHRAE Cooling Degree Days,Standard Cooling Degree Days,DOE/ASHRAE Climate Building",
CLRSKY_KT,Clear Sky Insolation Clearness Index,"official,radiation","api,dav,gis,aws","hourly,daily,monthly,annual,climatology",A fraction representing clearness of the atmosphere; the clear sky insolation that is transmitted through the atmosphere to strike the surface of the earth divided by the average of top of the atmosphere total solar irradiance incident.,"Clear Sky Clearness Index,Clear Sky Atmospheric Transmittance","Clear Sky Clearness Index,Clear Sky Atmospheric Transmittance,Parameters for Tilted PV Panels,Solar Fluxes and Related",
CLRSKY_SFC_PAR_TOT,Clear Sky Surface Total PAR,"official,radiation","api,dav,gis,aws","hourly,daily,monthly,annual,climatology",The total Photosynthetically Active Radiation (PAR) incident on a horizontal plane at the surface of the earth under clear sky conditions.,"Clear Sky Total PAR,Clear Sky Photosynthetically Active Radiation,Clear Sky Global PAR","Clear Sky Total PAR,Clear Sky Photosynthetically Active Radiation,Clear Sky Global PAR,Solar,Solar Fluxes and Related",
FROST_DAYS,Frost Days,"official,nrt,meteorology","api,dav,gis,aws","daily,monthly,annual,climatology",A frost day occurs when the 2m temperature cools to the dew point temperature and both are less than 0 C or 32 F.,"Number of Frost Days,Days Below Freezing,Frost Frequency,Freeze Days","Number of Frost Days,Days Below Freezing,Frost Frequency,Freeze Days,Temperature/Thermal IR Flux",
GWM_HEIGHT,GWM Height,reviewing,"api,dav,aws",daily,Height above mean sea level.,"Significant Wave Height,SWH,Hs,Combined Wind Wave and Swell Height","Significant Wave Height,SWH,Hs,Combined Wind Wave and Swell Height,Humidity/Precipitation",
HDD0,Heating Degree Days Below 0 C,"official,nrt,meteorology","api,dav,aws","daily,monthly,annual,climatology",The daily accumulation of degrees below a 0-degree-Celsius threshold when the daily mean temperature is below the threshold.,"HDD Base 0 C,Heating Degree Days Base 0","HDD Base 0 C,Heating Degree Days Base 0,DOE/ASHRAE Climate Building",
HDD18_3,Heating Degree Days Below 18.3 C,"official,nrt,meteorology","api,dav,gis,aws","daily,monthly,annual,climatology",The daily accumulation of degrees below an 18.3-degree-Celsius threshold when the daily mean temperature is below the threshold.,"HDD Base 18.3 C,Heating Degree Days Base 65 F,HDD65,ASHRAE Heating Degree Days,Standard Heating Degree Days","HDD Base 18.3 C,Heating Degree Days Base 65 F,HDD65,ASHRAE Heating Degree Days,Standard Heating Degree Days,DOE/ASHRAE Climate Building",
IMERG_PRECTOT,Total Precipitation,"official,meteorology","api,dav,aws","daily,monthly,annual,climatology",The average IMERG total precipitation at the surface of the earth.,"GPM IMERG Precipitation,Satellite-Derived Precipitation,Multi-Satellite Precipitation,IMERG Rainfall Estimate","GPM IMERG Precipitation,Satellite-Derived Precipitation,Multi-Satellite Precipitation,IMERG Rainfall Estimate,Humidity/Precipitation",
MIDDAY_INSOL,Midday Insolation Incident,"official,radiation","api,dav,gis,aws","daily,monthly,annual,climatology",The total amount of solar irradiance (direct plus diffuse) incident on a horizontal plane at the earth's surface during the solar noon hour midday period.,"Solar Noon Irradiance,Peak Solar Irradiance,Noontime Insolation,Maximum Daily Irradiance","Solar Noon Irradiance,Peak Solar Irradiance,Noontime Insolation,Maximum Daily Irradiance,Parameters for Solar Cooking,Solar Fluxes and Related",
SNODP,Snow Depth,"official,nrt,meteorology","api,aws","hourly,daily,monthly,annual,climatology",The snow depth on land at surface of the earth.,"Snow Depth on Ground,Snow Pack Depth,Snow Cover Depth,Snowpack Thickness","Snow Depth on Ground,Snow Pack Depth,Snow Cover Depth,Snowpack Thickness",
SZA,Solar Zenith Angle,"official,solar","api,dav,aws","hourly,daily",The angle between the geodetic zenith vector and a vector from the earth point to the sun integrated over the period.,"Zenith Angle,Solar Zenith Distance,Sun Angle from Zenith","Zenith Angle,Solar Zenith Distance,Sun Angle from Zenith,Solar Fluxes and Related",
TOA_SW_DNI,Top-Of-Atmosphere Shortwave Direct Normal Radiation,"official,radiation","api,gis,aws","hourly,daily,monthly,annual,climatology",The total solar irradiance incident (direct plus diffuse) on a horizontal plane where oriented to the sun's position at the top of the atmosphere (extraterrestrial radiation).,"Extraterrestrial Direct Normal Irradiance,Extraterrestrial Beam Irradiance,TOA Beam Radiation","Extraterrestrial Direct Normal Irradiance,Extraterrestrial Beam Irradiance,TOA Beam Radiation",
TS_MAX,Earth Skin Temperature Maximum,"official,nrt,meteorology","api,dav,aws","daily,monthly,annual,climatology",The maximum hourly earth skin temperature in the period of interest.,"Maximum Skin Temperature,Peak Surface Temperature,Daily Maximum Land Surface Temperature","Maximum Skin Temperature,Peak Surface Temperature,Daily Maximum Land Surface Temperature,Temperature/Thermal IR Flux",
TS_MIN,Earth Skin Temperature Minimum,"official,nrt,meteorology","api,dav,aws","daily,monthly,annual,climatology",The minimum hourly earth skin temperature in the period of interest.,"Minimum Skin Temperature,Daily Minimum Land Surface Temperature","Minimum Skin Temperature,Daily Minimum Land Surface Temperature,Temperature/Thermal IR Flux",
WS2M_MAX,Wind Speed at 2 Meters Maximum,"official,nrt,meteorology,warning","api,dav,aws","daily,monthly,annual,climatology",The maximum hourly wind speed at 2 meters above the surface of the earth in the period of interest.,"Maximum Wind Speed at 2 Meters,Peak Wind Speed at 2m,Daily Maximum Wind at 2m","Maximum Wind Speed at 2 Meters,Peak Wind Speed at 2m,Daily Maximum Wind at 2m,Wind/Pressure","Wind speed is provided from an average of a large area and may not represent a point location due to surface properties, elevation changes, and local weather phenomena."
WS2M_MIN,Wind Speed at 2 Meters Minimum,"official,nrt,meteorology,warning","api,dav,aws","daily,monthly,annual,climatology",The minimum hourly wind speed at 2 meters above the surface of the earth in the period of interest.,"Minimum Wind Speed at 2 Meters,Daily Minimum Wind at 2m","Minimum Wind Speed at 2 Meters,Daily Minimum Wind at 2m,Wind/Pressure","Wind speed is provided from an average of a large area and may not represent a point location due to surface properties, elevation changes, and local weather phenomena."
WS2M_RANGE,Wind Speed at 2 Meters Range,"official,nrt,meteorology,warning","api,dav,aws","daily,monthly,annual,climatology",The minimum and maximum hourly wind speed range at 2 meters above the surface of the earth.,"Wind Speed Range at 2 Meters,Diurnal Wind Speed Range at 2m","Wind Speed Range at 2 Meters,Diurnal Wind Speed Range at 2m,Wind/Pressure","Wind speed is provided from an average of a large area and may not represent a point location due to surface properties, elevation changes, and local weather phenomena."
AOD_55,Aerosol Optical Depth 55,"official,radiation","api,gis,aws","hourly,daily,monthly,annual,climatology",The optical thickness at 0.55 um measured vertically; the component of the atmosphere to quantify the removal of radiant energy from an incident beam.,,,
PSC,Corrected Atmospheric Pressure (Adjusted For Site Elevation),"official,meteorology",api,"hourly,daily,monthly,annual,climatology",Atmospheric pressure associated with the MERRA-2 grid has been adjusted using the hypsometric equation to account for the difference between the elevation of an underlying surface site and the average elevation of the MERRA-2 grid cell.,"Bias-Corrected Surface Pressure,Adjusted Surface Pressure,Corrected Barometric Pressure","Bias-Corrected Surface Pressure,Adjusted Surface Pressure,Corrected Barometric Pressure",
PW,Precipitable Water,"official,meteorology","api,gis,aws","hourly,daily,monthly,annual,climatology","The total atmospheric water vapor contained in a vertical column of the atmosphere, sourced from CERES.","Total Column Water Vapor,Integrated Water Vapor,Columnar Water Vapor","Total Column Water Vapor,Integrated Water Vapor,Columnar Water Vapor",
WSC,Corrected Wind Speed (Adjusted For Elevation),"official,meteorology",api,"hourly,daily,monthly,annual,climatology",Wind speed associated with the MERRA-2 grid adjusted using the Gipe Power Law and the elevation difference between the average elevation of the grid cell and the elevation of the underlying surface.,"Adjusted Wind Speed,Corrected Surface Wind Speed","Adjusted Wind Speed,Corrected Surface Wind Speed",
U10M,Eastward Wind at 10 Meters,"official,nrt,meteorology,warning","api,aws","hourly,daily,monthly,annual,climatology",The estimate of the eastward wind average speed for winds blowing 10 meters above the surface of the earth.,"Zonal Wind at 10 Meters,U-Component of Wind at 10m,East-West Wind Component at 10m","Zonal Wind at 10 Meters,U-Component of Wind at 10m,East-West Wind Component at 10m","The eastward wind component is provided from an average of a large area and may not represent a point location due to surface properties, elevation changes, and local weather phenomena."
V10M,Northward Wind at 10 Meters,"official,nrt,meteorology,warning","api,aws","hourly,daily,monthly,annual,climatology",The estimate of the northward wind average speed for winds blowing 10 meters above the surface of the earth.,"Meridional Wind at 10 Meters,V-Component of Wind at 10m,North-South Wind Component at 10m","Meridional Wind at 10 Meters,V-Component of Wind at 10m,North-South Wind Component at 10m","The northward wind component is provided from an average of a large area and may not represent a point location due to surface properties, elevation changes, and local weather phenomena."
AIRMASS,Air Mass,"official,radiation","api,aws","hourly,daily,monthly,annual,climatology",Air Mass according to Perez et al. 1990.,"Optical Air Mass,Relative Air Mass,Atmospheric Path Length","Optical Air Mass,Relative Air Mass,Atmospheric Path Length",
ALLSKY_NKT,All Sky Normalized Insolation Clearness Index,"official,radiation","api,aws","hourly,daily,monthly,annual,climatology",The average zenith angle-independent expression of the all sky insolation clearness index.,"Normalized Clearness Index (Kn),Zenith-Independent Clearness Index","Normalized Clearness Index (Kn),Zenith-Independent Clearness Index",
ALLSKY_SFC_LW_UP,All Sky Surface Longwave Upward Irradiance,"official,radiation","api,gis,aws","hourly,daily,monthly,annual,climatology",The upward thermal infrared irradiance under all sky conditions.,"Upwelling Longwave Radiation,Surface Emitted Thermal Radiation,Outgoing Surface Longwave Radiation,Terrestrial Surface Radiation","Upwelling Longwave Radiation,Surface Emitted Thermal Radiation,Outgoing Surface Longwave Radiation,Terrestrial Surface Radiation",
ALLSKY_SFC_PAR_DIFF,All Sky Surface Diffuse PAR,"official,radiation","api,aws","hourly,daily,monthly,annual,climatology",The diffuse (scattered from original direct path by molecules or particles) Photosynthetically Active Radiation (PAR) solar irradiance incident on a horizontal plane at the surface of the earth under all sky conditions.,"Diffuse Photosynthetically Active Radiation,Scattered PAR,Diffuse Visible Radiation (400-700 nm)","Diffuse Photosynthetically Active Radiation,Scattered PAR,Diffuse Visible Radiation (400-700 nm),Solar",
ALLSKY_SFC_PAR_DIRH,All Sky Surface Direct Horizontal PAR,"official,radiation","api,aws","hourly,daily,monthly,annual,climatology",The Photosynthetically Active Radiation (PAR) solar irradiance incident on a horizontal plane at the surface of the earth under all sky conditions.,"Direct Beam PAR (Horizontal),Direct Photosynthetically Active Radiation","Direct Beam PAR (Horizontal),Direct Photosynthetically Active Radiation,Solar",
ALLSKY_SFC_SW_DIRH,All Sky Surface Shortwave Direct Horizontal Irradiance,"official,radiation","api,aws","hourly,daily,monthly,annual,climatology",The solar irradiance incident on a horizontal plane at the surface of the earth under all sky conditions.,"Direct Horizontal Irradiance,Beam Horizontal Irradiance,Direct Beam Irradiance (Horizontal)","Direct Horizontal Irradiance,Beam Horizontal Irradiance,Direct Beam Irradiance (Horizontal),Solar",
ALLSKY_SFC_SW_UP,All Sky Surface Shortwave Upward Irradiance,"official,radiation","api,gis,aws","hourly,daily,monthly,annual,climatology",The upward shortwave irradiance under all sky conditions.,"Reflected Solar Radiation,Upwelling Shortwave Radiation,Surface Reflected Shortwave,Reflected Shortwave Irradiance","Reflected Solar Radiation,Upwelling Shortwave Radiation,Surface Reflected Shortwave,Reflected Shortwave Irradiance,Solar",
AOD_55_ADJ,Adjusted Aerosol Optical Depth 55,"official,radiation","api,gis,aws","hourly,daily,monthly,annual,climatology",The adjusted optical thickness at 0.55 um measured vertically; the component of the atmosphere to quantify the removal of radiant energy from an incident beam.,"Aerosol Optical Depth (AOD) at 550 nm,Aerosol Optical Thickness (AOT)","Aerosol Optical Depth (AOD) at 550 nm,Aerosol Optical Thickness (AOT)",
AOD_84,Aerosol Optical Depth 84,"official,radiation","api,aws","hourly,daily,monthly,annual,climatology",The optical thickness at 0.84 um measured vertically; the component of the atmosphere to quantify the removal of radiant energy from an incident beam.,,,
CLOUD_AMT_DAY,Cloud Amount at Daytime,"official,radiation","api,gis,aws","daily,monthly,annual,climatology",The average percent of cloud amount during daylight.,"Daytime Cloud Cover,Daytime Cloud Fraction,Daytime Sky Cover","Daytime Cloud Cover,Daytime Cloud Fraction,Daytime Sky Cover",
CLOUD_AMT_NIGHT,Cloud Amount at Nighttime,"official,radiation","api,gis,aws","daily,monthly,annual,climatology",The average percent of cloud amount during nighttime.,"Nighttime Cloud Cover,Nighttime Cloud Fraction,Nighttime Sky Cover","Nighttime Cloud Cover,Nighttime Cloud Fraction,Nighttime Sky Cover",
CLOUD_OD,Cloud Optical Visible Depth,"official,radiation","api,gis,aws","hourly,daily,monthly,annual,climatology",The vertical optical thickness between the top and bottom of a cloud.,"Cloud Optical Depth (COD),Cloud Optical Thickness (COT),Cloud Opacity","Cloud Optical Depth (COD),Cloud Optical Thickness (COT),Cloud Opacity",
CLRSKY_DAYS,Clear Sky Days,"official,radiation","api,gis,aws","daily,monthly,annual,climatology",The number of Clear Sky Days if the daytime cloud amount is less than 10 percent.,"Cloud-Free Days,Sunny Days,Cloudless Days,Clear Days","Cloud-Free Days,Sunny Days,Cloudless Days,Clear Days",
CLRSKY_NKT,Clear Sky Normalized Insolation Clearness Index,"official,radiation","api,aws","hourly,daily,monthly,annual,climatology",The average zenith angle-independent expression of the clear sky insolation clearness index.,"Clear Sky Normalized Clearness Index,Clear Sky Zenith-Independent Transmittance","Clear Sky Normalized Clearness Index,Clear Sky Zenith-Independent Transmittance",
CLRSKY_SFC_LW_DWN,Clear Sky Surface Longwave Downward Irradiance,"official,nrt,radiation","api,gis,aws","hourly,daily,monthly,annual,climatology",The downward thermal infrared irradiance under clear sky conditions reaching a horizontal plane on the surface of the earth. Also known as Horizontal Infrared Radiation Intensity from Sky.,"Clear Sky Downwelling Longwave Radiation,Clear Sky Atmospheric Back Radiation,Cloudless Sky Thermal Downwelling","Clear Sky Downwelling Longwave Radiation,Clear Sky Atmospheric Back Radiation,Cloudless Sky Thermal Downwelling",
CLRSKY_SFC_LW_UP,Clear Sky Surface Longwave Upward Irradiance,"official,radiation","api,gis,aws","hourly,daily,monthly,annual,climatology",The upward thermal infrared irradiance under clear sky conditions.,"Clear Sky Upwelling Longwave Radiation,Clear Sky Surface Emitted Thermal Radiation","Clear Sky Upwelling Longwave Radiation,Clear Sky Surface Emitted Thermal Radiation",
CLRSKY_SFC_PAR_DIFF,Clear Sky Surface Diffuse PAR,"official,radiation","api,aws","hourly,daily,monthly,annual,climatology",The diffuse (scattered from original direct path by molecules or particles) Photosynthetically Active Radiation (PAR) solar irradiance incident on a horizontal plane at the surface of the earth under clear sky conditions.,"Clear Sky Diffuse PAR,Clear Sky Scattered Photosynthetically Active Radiation","Clear Sky Diffuse PAR,Clear Sky Scattered Photosynthetically Active Radiation,Solar",
CLRSKY_SFC_PAR_DIRH,Clear Sky Surface Direct Horizontal PAR,"official,radiation","api,aws","hourly,daily,monthly,annual,climatology",The Photosynthetically Active Radiation (PAR) solar irradiance incident on a horizontal plane at the surface of the earth under clear sky conditions.,"Clear Sky Direct Beam PAR (Horizontal),Clear Sky Direct Photosynthetically Active Radiation","Clear Sky Direct Beam PAR (Horizontal),Clear Sky Direct Photosynthetically Active Radiation,Solar",
CLRSKY_SFC_SW_DIFF,Clear Sky Surface Shortwave Downward Diffuse Irradiance,"official,radiation","api,gis,aws","hourly,daily,monthly,annual,climatology",The diffuse (scattered from original direct path by molecules or particles) solar irradiance incident on a horizontal plane at the surface of the earth under clear sky conditions.,"Diffuse Horizontal Irradiance (DHI),Diffuse Sky Radiation,Clear Sky Diffuse Solar Radiation,Rayleigh Scattered Radiation","Diffuse Horizontal Irradiance (DHI),Diffuse Sky Radiation,Clear Sky Diffuse Solar Radiation,Rayleigh Scattered Radiation,Solar",
CLRSKY_SFC_SW_DIRH,Clear Sky Surface Shortwave Direct Horizontal Irradiance,"official,radiation","api,aws","hourly,daily,monthly,annual,climatology",The solar irradiance incident on a horizontal plane at the surface of the earth under clear sky conditions.,"Clear Sky Direct Horizontal Irradiance,Clear Sky Beam Horizontal Irradiance","Clear Sky Direct Horizontal Irradiance,Clear Sky Beam Horizontal Irradiance,Solar",
CLRSKY_SFC_SW_DNI,Clear Sky Surface Shortwave Downward Direct Normal Irradiance,"official,radiation","api,gis,aws","hourly,daily,monthly,annual,climatology",The direct solar irradiance incident to a horizontal plane normal (perpendicular) to the direction of the sun's position under clear sky conditions.,"Direct Normal Irradiance (DNI),Beam Radiation,Clear Sky Beam Normal Irradiance,Clear Sky Direct Beam Irradiance,Clear Sky Direct Solar Radiation","Direct Normal Irradiance (DNI),Beam Radiation,Clear Sky Beam Normal Irradiance,Clear Sky Direct Beam Irradiance,Clear Sky Direct Solar Radiation,Solar",
CLRSKY_SFC_SW_UP,Clear Sky Surface Shortwave Upward Irradiance,"official,radiation","api,gis,aws","hourly,daily,monthly,annual,climatology",The upward shortwave irradiance under clearsky conditions.,"Clear Sky Reflected Solar Radiation,Clear Sky Upwelling Shortwave Radiation","Clear Sky Reflected Solar Radiation,Clear Sky Upwelling Shortwave Radiation,Solar",
CLRSKY_SRF_ALB,Clear Sky Surface Albedo,"official,radiation","api,gis,aws","hourly,daily,monthly,annual,climatology",The clear sky rate of reflectivity of the earth's surface; the ratio of the solar energy reflected by the surface of the earth compared to the total solar energy incident reaching the surface of the earth.,"Clear Sky Surface Reflectance,Clear Sky Broadband Albedo,Clear Sky Solar Reflectivity","Clear Sky Surface Reflectance,Clear Sky Broadband Albedo,Clear Sky Solar Reflectivity",
DISPH,Zero Plane Displacement Height,"official,nrt,radiation","api,gis,aws","hourly,daily,monthly,annual,climatology",The height at which the mean velocity is zero due to large obstacles such as buildings/canopy.,"Zero-Plane Displacement Height,Displacement Height for Wind Profile,Canopy Displacement Height","Zero-Plane Displacement Height,Displacement Height for Wind Profile,Canopy Displacement Height",
EVLAND,Evaporation Land,"official,nrt,meteorology","api,gis,aws","hourly,daily,monthly,annual,climatology",The evaporation over land at the surface of the earth.,"Land Surface Evaporation,Terrestrial Evaporation,Land Evaporative Flux,Surface Water Evaporation over Land","Land Surface Evaporation,Terrestrial Evaporation,Land Evaporative Flux,Surface Water Evaporation over Land",
EVPTRNS,Evapotranspiration Energy Flux,"official,nrt,meteorology","api,gis,aws","hourly,daily,monthly,annual,climatology",The evapotranspiration energy flux at the surface of the earth.,"Evapotranspiration Flux,Latent Heat Flux from ET,ET Energy Flux,Surface Evapotranspiration Energy","Evapotranspiration Flux,Latent Heat Flux from ET,ET Energy Flux,Surface Evapotranspiration Energy",
FRSEAICE,Ice Covered Fraction,"official,nrt,meteorology","api,aws","hourly,daily,monthly,annual,climatology",The fraction of ocean covered by sea ice.,"Sea Ice Concentration,Sea Ice Area Fraction,Ocean Ice Cover Fraction,SIC","Sea Ice Concentration,Sea Ice Area Fraction,Ocean Ice Cover Fraction,SIC",
FRSNO,Land Snowcover Fraction,"official,nrt,meteorology","api,aws","hourly,daily,monthly,annual,climatology",The fraction of land covered by snow.,"Snow Cover Fraction,Fractional Snow Coverage,Snow-Covered Area Fraction,SCF","Snow Cover Fraction,Fractional Snow Coverage,Snow-Covered Area Fraction,SCF",
GWM_HEIGHT_ANOMALY,GWM Height Anomaly,reviewing,"api,aws",daily,Height anomaly with respect to mean level.,"Significant Wave Height Anomaly,SWH Anomaly,Wave Height Departure from Normal,Hs Anomaly","Significant Wave Height Anomaly,SWH Anomaly,Wave Height Departure from Normal,Hs Anomaly",
IMERG_PRECLIQUID_PROB,Probability of Liquid Precipitation,"official,meteorology","api,aws",daily,Probability of liquid precipitation estimated with a diagnostic parameterization using ancillary data.,"IMERG Rain Probability,Probability of Liquid Precipitation,Rain Phase Probability,Liquid Precipitation Likelihood","IMERG Rain Probability,Probability of Liquid Precipitation,Rain Phase Probability,Liquid Precipitation Likelihood",
IMERG_PRECTOT_COUNT,Count of Precipitation Retrievals,"official,meteorology","api,aws",daily,The count of half-hourly precipitation retrievals where precipitation is at least 0.01 mm.,"IMERG Observation Count,Precipitation Sample Count,IMERG Valid Retrievals","IMERG Observation Count,Precipitation Sample Count,IMERG Valid Retrievals",
ORIGINAL_ALLSKY_SFC_LW_DWN,All Sky Surface Longwave Downward Irradiance,"reference,radiation","api,aws",daily,The downward thermal infrared irradiance under all sky conditions reaching a horizontal plane on the surface of the earth. Also known as Horizontal Infrared Radiation Intensity from Sky.,,,
ORIGINAL_ALLSKY_SFC_SW_DIFF,All Sky Surface Shortwave Diffuse Irradiance,"reference,radiation","api,aws","hourly,daily",The diffuse (scattered from original direct path by molecules or particles) solar irradiance incident on a horizontal plane at the surface of the earth under all sky conditions.,,,
ORIGINAL_ALLSKY_SFC_SW_DIRH,All Sky Surface Shortwave Direct Horizontal Irradiance,"reference,radiation","api,aws","hourly,daily",The solar irradiance incident on a horizontal plane at the surface of the earth under all sky conditions.,,,
ORIGINAL_ALLSKY_SFC_SW_DWN,All Sky Surface Shortwave Downward Irradiance,"reference,radiation","api,aws",daily,"The total solar irradiance incident (direct plus diffuse) on a horizontal plane at the surface of the earth under all sky conditions. An alternative term for the total solar irradiance is the ""Global Horizontal Irradiance"" or GHI.",,,
ORIGINAL_CLRSKY_SFC_LW_DWN,Clear Sky Surface Longwave Downward Irradiance,"reference,radiation","api,aws",daily,The downward thermal infrared irradiance under clear sky conditions reaching a horizontal plane on the surface of the earth. Also known as Horizontal Infrared Radiation Intensity from Sky.,,,
ORIGINAL_CLRSKY_SFC_SW_DWN,Clear Sky Surface Shortwave Downward Irradiance,"reference,radiation","api,aws",daily,"The total solar irradiance incident (direct plus diffuse) on a horizontal plane at the surface of the earth under clear sky conditions. An alternative term for the total solar irradiance is the ""Global Horizontal Irradiance"" or GHI.",,,
PBLTOP,Planetary Boundary Layer Top Pressure,"official,meteorology","api,gis,aws","hourly,daily,monthly,annual,climatology",The pressure at the top of the planet boundary layer.,"PBL Height Pressure,Boundary Layer Top Pressure,ABL Top Pressure,Mixed-Layer Top Pressure","PBL Height Pressure,Boundary Layer Top Pressure,ABL Top Pressure,Mixed-Layer Top Pressure",
PRECSNO,Snow Precipitation,"official,nrt,meteorology","api,aws","hourly,daily,monthly,annual,climatology",The snow precipitation at the surface of the earth.,"Snowfall Rate,Snow Precipitation Rate,Solid Precipitation Rate,Frozen Precipitation Rate","Snowfall Rate,Snow Precipitation Rate,Solid Precipitation Rate,Frozen Precipitation Rate",
PRECSNOLAND,Snow Precipitation Land,"official,meteorology","api,aws","hourly,daily,monthly,annual,climatology",The snow precipitation only over land at the surface of the earth.,"Land Only Snowfall,Snowfall Rate over Land Only","Land Only Snowfall,Snowfall Rate over Land Only",
PSH,Peak Sun Hour,"official,meteorology","api,aws","daily,monthly,annual,climatology",The average intensity of solar irradiance that reaches the surface.,"Surface Pressure at Elevation,Barometric Pressure at Site Height,Elevation-Corrected Pressure","Surface Pressure at Elevation,Barometric Pressure at Site Height,Elevation-Corrected Pressure",
QV10M,Specific Humidity at 10 Meters,"official,nrt,meteorology","api,aws","hourly,daily,monthly,annual,climatology",The ratio of the mass of water vapor to the total mass of air at 10 meters.,"Specific Humidity at 10m,Mixing Ratio at 10 Meters,Water Vapor Mass Fraction at 10m","Specific Humidity at 10m,Mixing Ratio at 10 Meters,Water Vapor Mass Fraction at 10m",
RHOA,Surface Air Density,"official,nrt,meteorology","api,aws","hourly,daily,monthly,annual,climatology",The air density at surface of the earth.,"Surface Air Density,Atmospheric Density at Surface,Near-Surface Air Density,Air Density at Ground Level","Surface Air Density,Atmospheric Density at Surface,Near-Surface Air Density,Air Density at Ground Level",
SLP,Sea Level Pressure,"official,nrt,meteorology","api,aws","hourly,daily,monthly,annual,climatology",The sea level pressure at the surface of the earth.,"Mean Sea Level Pressure,MSLP,Barometric Pressure Reduced to Sea Level","Mean Sea Level Pressure,MSLP,Barometric Pressure Reduced to Sea Level",
SRF_ALB_ADJ,Surface Albedo Adjusted,"official,radiation","api,aws","hourly,daily,monthly,annual,climatology",The ratio of the solar energy reflected by the surface of the earth compared to the total solar energy incident reaching the surface of the earth. Adjusted refers to CERES source parameter.,"Corrected Surface Albedo,Bias-Adjusted Surface Reflectance,Modified Surface Albedo","Corrected Surface Albedo,Bias-Adjusted Surface Reflectance,Modified Surface Albedo",
T10M,Temperature at 10 Meters,"official,nrt,meteorology","api,aws","hourly,daily,monthly,annual,climatology",The air (dry bulb) temperature at 10 meters above the surface of the earth.,"Dry Bulb Temperature at 10 Meters,Near-Surface Air Temperature at 10m,Ambient Temperature at 10 Meters,Standard Anemometer-Level Temperature,Screen-Level Temperature at 10m","Dry Bulb Temperature at 10 Meters,Near-Surface Air Temperature at 10m,Ambient Temperature at 10 Meters,Standard Anemometer-Level Temperature,Screen-Level Temperature at 10m,Surface Temperature",
T10M_MAX,Temperature at 10 Meters Maximum,"official,nrt,meteorology","api,aws","daily,monthly,annual,climatology",The maximum hourly air (dry bulb) temperature at 10 meters above the surface of the earth in the period of interest.,"Maximum Dry Bulb Temperature at 10 Meters,Maximum Temperature at 10 Meters,Daily Maximum Temperature at 10m,Peak Air Temperature at 10m","Maximum Dry Bulb Temperature at 10 Meters,Maximum Temperature at 10 Meters,Daily Maximum Temperature at 10m,Peak Air Temperature at 10m",
T10M_MIN,Temperature at 10 Meters Minimum,"official,nrt,meteorology","api,aws","daily,monthly,annual,climatology",The minimum hourly air (dry bulb) temperature at 10 meters above the surface of the earth in the period of interest.,"Minimum Dry Bulb Temperature at 10 Meters,Minimum Temperature at 10 Meters,Daily Minimum Temperature at 10m","Minimum Dry Bulb Temperature at 10 Meters,Minimum Temperature at 10 Meters,Daily Minimum Temperature at 10m",
T10M_RANGE,Temperature at 10 Meters Range,"official,nrt,meteorology","api,aws","daily,monthly,annual,climatology",The minimum and maximum hourly air (dry bulb) temperature range at 10 meters above the surface of the earth in the period of interest.,"Dry Bulb Temperature Range at 10 Meters,Diurnal Temperature Range at 10 Meters,Temperature Amplitude at 10 Meters","Dry Bulb Temperature Range at 10 Meters,Diurnal Temperature Range at 10 Meters,Temperature Amplitude at 10 Meters",
TO3,Total Column Ozone,"official,nrt,meteorology","api,gis,aws","hourly,daily,monthly,annual,climatology",The total amount of ozone in a column extending vertically from the earth's surface to the top of the atmosphere.,"Total Ozone Column,Columnar Ozone,Ozone Layer Thickness,Total Ozone in Dobson Units,TOC","Total Ozone Column,Columnar Ozone,Ozone Layer Thickness,Total Ozone in Dobson Units,TOC",
TQV,Total Column Precipitable Water,"official,nrt,meteorology","api,gis,aws","hourly,daily,monthly,annual,climatology","The total atmospheric water vapor contained in a vertical column of unit cross-sectional area extending from the surface to the top of the atmosphere, sourced from the GMAO.","Precipitable Water,Integrated Water Vapor,Total Precipitable Water,Column Water Vapor","Precipitable Water,Integrated Water Vapor,Total Precipitable Water,Column Water Vapor",
TROPPB,Tropopause Pressure based on blended estimate.,"official,nrt,meteorology","api,aws","hourly,daily,monthly,annual,climatology",The tropopause pressure based on the blended estimate.,"Tropopause Pressure Level,Tropopause Height Pressure,Thermal Tropopause Pressure","Tropopause Pressure Level,Tropopause Height Pressure,Thermal Tropopause Pressure",
TROPQ,Tropopause Specific Humidity using blended TROPP estimate.,"official,nrt,meteorology","api,aws","hourly,daily,monthly,annual,climatology",The ratio of the mass of water vapor to the total mass of air at the tropopause pressure given by TROPPB.,"Tropopause Water Vapor,Specific Humidity at Tropopause,Tropopause Moisture","Tropopause Water Vapor,Specific Humidity at Tropopause,Tropopause Moisture",
TROPT,Tropopause Temperature using blended TROPP estimate.,"official,nrt,meteorology","api,aws","hourly,daily,monthly,annual,climatology",The air (dry bulb) temperature at the tropopause pressure given by TROPPB.,"Tropopause Temperature Level,Temperature at Tropopause","Tropopause Temperature Level,Temperature at Tropopause",
TSOIL1,Soil Temperatures Layer 1,"official,nrt,meteorology","api,aws","hourly,daily,monthly,annual,climatology",The estimate of soil temperatures at layer 1; 0.018 to 0.0988 m depth.,"Shallow Soil Temperature,Soil Temperature Layer 1,Near-Surface Soil Temperature,Topsoil Temperature","Shallow Soil Temperature,Soil Temperature Layer 1,Near-Surface Soil Temperature,Topsoil Temperature",
TSOIL2,Soil Temperatures Layer 2,"official,nrt,meteorology","api,aws","hourly,daily,monthly,annual,climatology",The estimate of soil temperatures at layer 2; 0.0988 to 0.294 m depth.,"Soil Temperature Layer 2,Root-Zone Soil Temperature,Subsurface Soil Temperature","Soil Temperature Layer 2,Root-Zone Soil Temperature,Subsurface Soil Temperature",
TSOIL3,Soil Temperatures Layer 3,"official,nrt,meteorology","api,aws","hourly,daily,monthly,annual,climatology",The estimate of soil temperatures at layer 3; 0.294 to 0.6799 m depth.,"Soil Temperature Layer 3,Mid-Root-Zone Soil Temperature,Intermediate Soil Temperature","Soil Temperature Layer 3,Mid-Root-Zone Soil Temperature,Intermediate Soil Temperature",
TSOIL4,Soil Temperatures Layer 4,"official,nrt,meteorology","api,aws","hourly,daily,monthly,annual,climatology",The estimate of soil temperatures at layer 4; 0.6799 to 1.4425 m depth.,"Soil Temperature Layer 4,Deep Root-Zone Soil Temperature","Soil Temperature Layer 4,Deep Root-Zone Soil Temperature",
TSOIL5,Soil Temperatures Layer 5,"official,nrt,meteorology","api,aws","hourly,daily,monthly,annual,climatology",The estimate of soil temperatures at layer 5; 1.4425 to 2.949 m depth.,"Soil Temperature Layer 5,Deep Soil Temperature","Soil Temperature Layer 5,Deep Soil Temperature",
TSOIL6,Soil Temperatures Layer 6,"official,nrt,meteorology","api,aws","hourly,daily,monthly,annual,climatology",The estimate of soil temperatures at layer 6; 2.949 to 10.0 m depth.,"Soil Temperature Layer 6,Deep Subsurface Temperature,Bottom-Layer Soil Temperature","Soil Temperature Layer 6,Deep Subsurface Temperature,Bottom-Layer Soil Temperature",
TSURF,Surface Temperature of Land and Snow,"official,nrt,meteorology","api,aws","hourly,daily,monthly,annual,climatology", The estimate of surface temperature of land and snow; 0 to 0.018 m depth.,"Ground Surface Temperature,Land Surface Temperature,Ground Temperature","Ground Surface Temperature,Land Surface Temperature,Ground Temperature",
TS_ADJ,Earth Skin Temperature Adjusted,"official,meteorology","api,gis,aws","hourly,daily,monthly,annual,climatology",The adjusted average temperature at the earth's surface. Adjusted refers to CERES source parameter.,"Adjusted Surface Temperature,Corrected Skin Temperature,Bias-Adjusted Land Surface Temperature","Adjusted Surface Temperature,Corrected Skin Temperature,Bias-Adjusted Land Surface Temperature",
TS_RANGE,Earth Skin Temperature Range,"official,nrt,meteorology","api,aws","daily,monthly,annual,climatology",The minimum and maximum hourly earth skin temperature range in the period of interest.,"Surface Temperature Diurnal Range,Skin Temperature Range","Surface Temperature Diurnal Range,Skin Temperature Range",
U2M,Eastward Wind at 2 Meters,"official,nrt,meteorology,warning","api,aws","hourly,daily,monthly,annual,climatology",The estimate of the eastward wind average speed for winds blowing 2 meters above the surface of the earth.,"Zonal Wind at 2 Meters,U-Component of Wind at 2m,East-West Wind Component at 2m","Zonal Wind at 2 Meters,U-Component of Wind at 2m,East-West Wind Component at 2m","The eastward wind component is provided from an average of a large area and may not represent a point location due to surface properties, elevation changes, and local weather phenomena."
U50M,Eastward Wind at 50 Meters,"official,nrt,meteorology,warning","api,aws","hourly,daily,monthly,annual,climatology",The estimate of the eastward wind average speed for winds blowing 50 meters above the surface of the earth.,"Zonal Wind at 50 Meters,U-Component of Wind at 50m,East-West Wind Component at 50m","Zonal Wind at 50 Meters,U-Component of Wind at 50m,East-West Wind Component at 50m","The eastward wind component is provided from an average of a large area and may not represent a point location due to surface properties, elevation changes, and local weather phenomena."
V2M,Northward Wind at 2 Meters,"official,nrt,meteorology,warning","api,aws","hourly,daily,monthly,annual,climatology",The estimate of the northward wind average speed for winds blowing 2 meters above the surface of the earth.,"Meridional Wind at 2 Meters,V-Component of Wind at 2m,North-South Wind Component at 2m","Meridional Wind at 2 Meters,V-Component of Wind at 2m,North-South Wind Component at 2m","The northward wind component is provided from an average of a large area and may not represent a point location due to surface properties, elevation changes, and local weather phenomena."
V50M,Northward Wind at 50 Meters,"official,nrt,meteorology,warning","api,aws","hourly,daily,monthly,annual,climatology",The estimate of the northward wind average speed for winds blowing 50 meters above the surface of the earth.,"Meridional Wind at 50 Meters,V-Component of Wind at 50m,North-South Wind Component at 50m","Meridional Wind at 50 Meters,V-Component of Wind at 50m,North-South Wind Component at 50m","The northward wind component is provided from an average of a large area and may not represent a point location due to surface properties, elevation changes, and local weather phenomena."
Z0M,Surface Roughness,"official,nrt,meteorology","api,aws","hourly,daily,monthly,annual,climatology",The height above the displacement plane at which the mean wind becomes zero when extrapolating the logarithmic wind speed profile downward through the surface layer.,"Aerodynamic Roughness Length,Roughness Length for Momentum,Surface Roughness Length,Terrain Roughness Parameter","Aerodynamic Roughness Length,Roughness Length for Momentum,Surface Roughness Length,Terrain Roughness Parameter",